{"header":{"url":"https:\/\/desagarut.id\/index.php\/api\/pelanggan\/customer?token=","content_type":"text\/html; charset=UTF-8","http_code":404,"header_size":666,"request_size":165,"filetime":-1,"ssl_verify_result":0,"redirect_count":0,"total_time":0.409478999999999981884712951796245761215686798095703125,"namelookup_time":0.0033700000000000001655620085472264690906740725040435791015625,"connect_time":0.006563000000000000257183163654417512589134275913238525390625,"pretransfer_time":0.017615999999999999714450638066409737803041934967041015625,"size_upload":0,"size_download":891,"speed_download":2175,"speed_upload":0,"download_content_length":-1,"upload_content_length":0,"starttransfer_time":0.40942800000000001414690586898359470069408416748046875,"redirect_time":0,"redirect_url":"","primary_ip":"2001:df1:7800:2::3:1146","certinfo":[],"primary_port":443,"local_ip":"2001:df1:7800:2::3:1146","local_port":45516,"http_version":3,"protocol":2,"ssl_verifyresult":0,"scheme":"HTTPS","appconnect_time_us":17339,"connect_time_us":6563,"namelookup_time_us":3370,"pretransfer_time_us":17616,"redirect_time_us":0,"starttransfer_time_us":409428,"total_time_us":409479},"body":"\n\n<!DOCTYPE html>\n<html lang=\"en\">\n<head>\n\t<title>404 Page Not Found<\/title>\n\t<link rel=\"stylesheet\" type=\"text\/css\" href=\"https:\/\/desagarut.id\/assets\/bootstrap\/css\/bootstrap.min.css\" \/>\n\t<link rel=\"stylesheet\" type=\"text\/css\" href=\"https:\/\/desagarut.id\/assets\/css\/font-awesome.min.css\" \/>\n\t<link rel=\"stylesheet\" type=\"text\/css\" href=\"https:\/\/desagarut.id\/assets\/css\/AdminLTE.css\" \/>\n<\/head>\n<body>\n<div class=\"container\">\n\t<div class=\"error-page\">\n\t\t<h2 class=\"headline text-yellow\">404<\/h2>\n\n\t\t<div class=\"error-content\">\n\t\t\t<h3><i class=\"fa fa-warning text-yellow\"><\/i> The page you requested was not found.<\/h3>\n\t\t\t<p>\n\t\t\t\tKami tidak dapat menemukan halaman yang Anda inginkan.\n\t\t\t\tUntuk sementara Anda dapat kembali ke halaman <a href=\"https:\/\/desagarut.id\/\">awal<\/a> atau ke <a href=\"javascript:history.go(-1)\">halaman sebelumnya.<\/a>\n\t\t\t<\/p>\n\t\t<\/div>\n\n\t<\/div>\n<\/div>\n<\/body>\n<\/html>\n"}